"","discharge_year","avg_age","median_age"
"1",2014,39.0682406005551,37
"2",2015,38.0136545610523,36
"3",2016,36.8250743683398,35
"4",2017,35.9984484096199,34
"5",2018,35.6061237081598,33
"6",2019,36.0681059986152,34
"7",2020,35.2429438847001,33
"8",2021,35.3366547553601,33
"9",2022,35.4908466819222,33
"10",2023,35.6895803183792,34
